<?xml version="1.0" encoding="UTF-8"?>
<root>
   <name>reports</name>
   <key>reports</key>
   <state>stable</state>
   <logo>https://raw.githubusercontent.com/yllen/reports/master/report_page.png</logo>
   <description>
      <short>
         <fr><![CDATA[Rapports. Ce plugin fournit des rapports supplémentaires. Il permet également 
         d’ajouter très facilement de nouveaux rapports.]]></fr>
         <en><![CDATA[Reports. This plugin enables additional reports. It also allow you to add new 
         reports in a simply way.]]></en>
         <cs><![CDATA[Výkazy. Tento zásuvný modul přidává další hlášení. Také vám umožní snadno přidat nové.]]></cs>
      </short>
      <long>
         <fr><![CDATA[Ce plugin fournit des rapports supplémentaires.<br />Fonctionnalités 
         principales :<br />-Il permet d’ajouter très facilement de nouveaux rapports (via l’ajout 
         d’un fichier PHP pour le rapport et un fichier de langue associé).<br />-Il prend en charge
          la gestion de droits de tout nouveau rapport ajouté.<br />-Il fournit quelques rapports 
         (pour exemple)<br />Rapports disponibles dans la version 1.3.0 :<br />-Arborescence des 
         lieux<br />-Catalogue des règles<br />-Historique des dernières installations de logiciels
         <br />-Historique des dernières modifications de matériels<br />-Informations financières
         <br />-Liste des groupes et membres<br />-Liste des licences par expiration<br />-Liste des
          équipements par groupe<br />-Nombre d’équipements par entité<br />-Nombre d’équipements 
          par lieu<br />-Ordinateurs en doublons<br />-Etat détaillé des licences]]></fr>
         <en><![CDATA[This plugin enables additional reports.<br />Main features :<br />-It also 
         plugin allow you to add new reports in a simply way (one PHP script for the report and one 
         for the translation).<br />-It handle the right for each new report<br />-It provides some 
         new reports (as sample)<br />Reports available in version 1.3.0 :<br />-Detailed license 
         report<br />-Duplicate computers<br />-Financial information<br />-History of last 
         hardware’s installations<br />-History of last software’s installations<br />-Licenses by 
         expiration date<br />-List all devices of a group, order by users<br />-List of groups and 
         members<br />-Location tree<br />-Number of equipments by location<br />-Number of items by
          entity<br />-Rule’s catalog]]></en>
         <cs><![CDATA[Tento zásuvný modul přidává další hlášení.<br />Hlavní funkce :<br />-Také 
         umožňuje snadno přidávat nová hlášení (jeden PHP skript pro výkaz a jeden pro překlady).
         <br />-Obsluhuje práva na každý z nových výkazů<br />-Poskytuje některé nové výkazy (pro ukázku)
         <br />Výkazy, které jsou k dispozici ve verzi 1.3.0 :<br />-Podrobný výkaz o licencích<br />
         -Duplicitní počítače<br />-Finanční informace<br />-Historie nedávných instalací hardware<br />
         -Historie nedávných instalací software<br />-Licence podle data skončení platnosti<br />
         -Seznam všech zařízení skupiny, seřazené podle uživatelů<br />-Seznam skupina a jejich členů
         <br />-Strom umístění<br />-Počty vybavení podle umístění<br />-Počty položek podle entit
         <br />-Katalog pravidla]]></cs>
      </long>
   </description>
   <homepage>https://github.com/yllen/reports</homepage>
   <download>https://github.com/yllen/reports/releases</download>
   <authors>
      <author>Nelly Mahu-Lasson</author>
      <author>Remi Collet </author>
   </authors>
   <versions>
      <version>
          <num>1.16.0</num>
          <compatibility>10.0.0</compatibility>
          <download_url>https://github.com/yllen/reports/releases/download/v1.16.0/glpi-reports-1.16.0.tar.gz</download_url>
      </version>
      <version>
          <num>1.15.0</num>
          <compatibility>10.0.0</compatibility>
          <download_url>https://github.com/yllen/reports/releases/download/v1.15.0/glpi-reports-1.15.0.tar.gz</download_url>
      </version>
      <version>
          <num>1.14.1</num>
          <compatibility>9.5</compatibility>
      </version>
      <version>
          <num>1.14.0</num>
          <compatibility>9.5</compatibility>
      </version>
      <version>
          <num>1.13.1</num>
          <compatibility>9.4</compatibility>
      </version>
      <version>
          <num>1.13.0</num>
          <compatibility>9.4</compatibility>
      </version>
      <version>
          <num>1.12.1</num>
          <compatibility>9.4</compatibility>
      </version>
      <version>
          <num>1.12.0</num>
          <compatibility>9.3</compatibility>
      </version>
      <version>
          <num>1.11.3</num>
          <compatibility>9.3</compatibility>
          <compatibility>9.2.x</compatibility>
      </version>
      <version>
          <num>1.11.2</num>
          <compatibility>9.2.x</compatibility>
      </version>
      <version>
          <num>1.11.1</num>
          <compatibility>9.2.x</compatibility>
      </version>
      <version>
          <num>1.11.0</num>
          <compatibility>9.2</compatibility>
      </version>
      <version>
          <num>1.10</num>
          <compatibility>0.85.x</compatibility>
          <compatibility>0.90.x</compatibility>
          <compatibility>9.1.x</compatibility>
      </version>
      <version>
          <num>1.9.1</num>
          <compatibility>0.85</compatibility>
          <compatibility>0.90</compatibility>
      </version>
      <version>
          <num>1.9.0</num>
          <compatibility>0.85</compatibility>
          <compatibility>0.90</compatibility>
      </version>
      <version>
          <num>1.8.0</num>
          <compatibility>0.85</compatibility>
      </version>
      <version>
          <num>1.7.2</num>
          <compatibility>0.84</compatibility>
      </version>
      <version>
          <num>1.7.1</num>
          <compatibility>0.84</compatibility>
      </version>
      <version>
          <num>1.7.0</num>
          <compatibility>0.84</compatibility>
      </version>
      <version>
          <num>1.6.1</num>
          <compatibility>0.83.3</compatibility>
      </version>
      <version>
          <num>1.6.0</num>
          <compatibility>0.83</compatibility>
      </version>
      <version>
          <num>1.5.0</num>
          <compatibility>0.80</compatibility>
      </version>
      <version>
          <num>1.4.1</num>
          <compatibility>0.78</compatibility>
      </version>
      <version>
          <num>1.4.0</num>
          <compatibility>0.78</compatibility>
      </version>
      <version>
          <num>1.3.0</num>
          <compatibility>0.72</compatibility>
      </version>
      <version>
           <num>1.2.1</num>
          <compatibility>0.71</compatibility>
      </version>
      <version>
          <num>1.2</num>
          <compatibility>0.71</compatibility>
      </version>
      <version>
          <num>1.1</num>
          <compatibility>0.71</compatibility>
      </version>
      <version>
          <num>1.0</num>
          <compatibility>0.70</compatibility>
      </version>
    </versions>
   <langs>
      <lang>cs_CZ</lang>
      <lang>da_DK</lang>
      <lang>de_DE</lang>
      <lang>el_GR</lang>
      <lang>en_GB</lang>
      <lang>es_AR</lang>
      <lang>es_ES</lang>
      <lang>fi_FI</lang>
      <lang>fr_FR</lang>
      <lang>hr_HR</lang>
      <lang>it_IT</lang>
      <lang>nl_NL</lang>
      <lang>pt_BR</lang>
      <lang>ro_RO</lang>
      <lang>ru_RU</lang>
      <lang>tr_TR</lang>
   </langs>
   <license><![CDATA[GPL v3+]]></license>
      <tags>
         <fr>
            <tag>Rapports</tag>
         </fr>
         <en>
            <tag>Reports</tag>
         </en>
         <cs>
            <tag>Výkazy</tag>
         </cs>
   </tags>
</root>
